-- phpMyAdmin SQL Dump
-- version 4.3.11.1
-- http://www.phpmyadmin.net
--
-- Host: localhost
-- Generation Time: Jun 03, 2015 at 03:39 PM
-- Server version: 5.5.43-0ubuntu0.14.04.1
-- PHP Version: 5.5.9-1ubuntu4.9

SET SQL_MODE = "NO_AUTO_VALUE_ON_ZERO";
SET time_zone = "+00:00";


/*!40101 SET @OLD_CHARACTER_SET_CLIENT=@@CHARACTER_SET_CLIENT */;
/*!40101 SET @OLD_CHARACTER_SET_RESULTS=@@CHARACTER_SET_RESULTS */;
/*!40101 SET @OLD_COLLATION_CONNECTION=@@COLLATION_CONNECTION */;
/*!40101 SET NAMES utf8 */;

--
-- Database: `books`
--

-- --------------------------------------------------------

--
-- Table structure for table `author`
--

CREATE TABLE IF NOT EXISTS `author` (
  `id` int(11) NOT NULL,
  `firstname` varchar(250) NOT NULL,
  `lastname` varchar(250) NOT NULL
) ENGINE=InnoDB AUTO_INCREMENT=1037 DEFAULT CHARSET=utf8;

--
-- Dumping data for table `author`
--

INSERT INTO `author` (`id`, `firstname`, `lastname`) VALUES
(502, 'Альфия1', 'Богданов'),
(503, 'Альберта', 'Бобылёв'),
(504, 'Альберт', 'Блохин'),
(505, 'Амаяк', 'Артемьев'),
(506, 'Анатолий', 'Бобылёв'),
(507, 'Альбина', 'Архипов'),
(508, 'Александра', 'Васильев'),
(509, 'Алико', 'Беспалов'),
(510, 'Амадеус', 'Артемьев'),
(511, 'Алихан', 'Аксёнов'),
(512, 'Алена', 'Антонов'),
(513, 'Альвина', 'Богданов'),
(514, 'Амаяк', 'Беляков'),
(515, 'Альфред', 'Александров'),
(516, 'Альфреда', 'Афанасьев'),
(517, 'Ангел', 'Анисимов'),
(518, 'Александра', 'Белов'),
(519, 'Ангелина', 'Беспалов'),
(520, 'Алевтина', 'Бобров'),
(521, 'Амина', 'Васильев'),
(522, 'Алсу', 'Архипов'),
(523, 'Алина', 'Беляков'),
(524, 'Алина', 'Белоусов'),
(525, 'Алевтина', 'Васильев'),
(526, 'Амаяк', 'Белов'),
(527, 'Алана', 'Быков'),
(528, 'Альфред', 'Беспалов'),
(529, 'Амадеус', 'Афанасьев'),
(530, 'Александр', 'Артемьев'),
(531, 'Альберта', 'Бобылёв'),
(532, 'Альфреда', 'Белов'),
(533, 'Ангел', 'Богданов'),
(534, 'Амина', 'Буров'),
(535, 'Алихан', 'Буров'),
(536, 'Альфия', 'Алексеев'),
(537, 'Ангел', 'Александров'),
(538, 'Анастасия', 'Авдеев'),
(539, 'Алина', 'Бобылёв'),
(540, 'Амвросий', 'Афанасьев'),
(541, 'Анастасия', 'Богданов'),
(542, 'Альбина', 'Баранов'),
(543, 'Александр', 'Агафонов'),
(544, 'Альвина', 'Алексеев'),
(545, 'Альфред', 'Архипов'),
(546, 'Алексей', 'Анисимов'),
(547, 'Алико', 'Архипов'),
(548, 'Альвина', 'Александров'),
(549, 'Альбина', 'Быков'),
(550, 'Алла', 'Андреев'),
(551, 'Анвар', 'Алексеев'),
(552, 'Амадей', 'Большаков'),
(553, 'Алина', 'Беляев'),
(554, 'Анастасия', 'Беляев'),
(555, 'Алина', 'Бирюков'),
(556, 'Анатолий', 'Александров'),
(557, 'Алоиз', 'Баранов'),
(558, 'Альберта', 'Белоусов'),
(559, 'Альберт', 'Авдеев'),
(560, 'Альфред', 'Агафонов'),
(561, 'Алихан', 'Богданов'),
(562, 'Алиса', 'Беляков'),
(563, 'Алевтина', 'Большаков'),
(564, 'Амадей', 'Беспалов'),
(565, 'Амелия', 'Авдеев'),
(566, 'Амвросий', 'Блохин'),
(567, 'Алена', 'Белозёров'),
(568, 'Альбина', 'Белов'),
(569, 'Ангел', 'Афанасьев'),
(570, 'Ангелина', 'Анисимов'),
(571, 'Ангелина', 'Большаков'),
(572, 'Алихан', 'Афанасьев'),
(573, 'Алико', 'Богданов'),
(574, 'Амина', 'Блинов'),
(575, 'Амелия', 'Белозёров'),
(576, 'Амаль', 'Александров'),
(577, 'Али', 'Авдеев'),
(578, 'Амадей', 'Артемьев'),
(579, 'Амина', 'Архипов'),
(580, 'Анатолий', 'Бирюков'),
(581, 'Алла', 'Блинов'),
(582, 'Алихан', 'Беляков'),
(583, 'Александр', 'Большаков'),
(584, 'Ангелина', 'Авдеев'),
(585, 'Алексей', 'Буров'),
(586, 'Алико', 'Александров'),
(587, 'Амаяк', 'Беляков'),
(588, 'Альберт', 'Васильев'),
(589, 'Алия', 'Антонов'),
(590, 'Альфреда', 'Алексеев'),
(591, 'Амадеус', 'Афанасьев'),
(592, 'Алина', 'Буров'),
(593, 'Алла', 'Буров'),
(594, 'Али', 'Андреев'),
(595, 'Алико', 'Аксёнов'),
(596, 'Амелия', 'Бирюков'),
(597, 'Амаяк', 'Аксёнов'),
(598, 'Алексей', 'Большаков'),
(599, 'Анвар', 'Александров'),
(600, 'Анастасия', 'Аксёнов'),
(601, 'Алан', 'Аксёнов'),
(602, 'Алена', 'Богданов'),
(603, 'Альфред', 'Бирюков'),
(604, 'Амаяк', 'Быков'),
(605, 'Анатолий', 'Баранов'),
(606, 'Александр', 'Беспалов'),
(607, 'Амаль', 'Афанасьев'),
(608, 'Альберта', 'Аксёнов'),
(609, 'Алина', 'Блохин'),
(610, 'Алина', 'Беляев'),
(611, 'Амвросий', 'Агафонов'),
(612, 'Александра', 'Беляев'),
(613, 'Алексей', 'Антонов'),
(614, 'Алихан', 'Агафонов'),
(615, 'Алия', 'Алексеев'),
(616, 'Александра', 'Баранов'),
(617, 'Алико', 'Артемьев'),
(618, 'Алексей', 'Борисов'),
(619, 'Анвар', 'Брагин'),
(620, 'Амелия', 'Богданов'),
(621, 'Алина', 'Брагин'),
(622, 'Алла', 'Васильев'),
(623, 'Алико', 'Борисов'),
(624, 'Алана', 'Беляев'),
(625, 'Альвина', 'Артемьев'),
(626, 'Алан', 'Артемьев'),
(627, 'Алия', 'Александров'),
(628, 'Амелия', 'Белоусов'),
(629, 'Алла', 'Александров'),
(630, 'Альвина', 'Бобров'),
(631, 'Алина', 'Блинов'),
(632, 'Александр', 'Белоусов'),
(633, 'Ангелина', 'Анисимов'),
(634, 'Алия', 'Брагин'),
(635, 'Александр', 'Алексеев'),
(636, 'Амадей', 'Афанасьев'),
(637, 'Алана', 'Авдеев'),
(638, 'Алихан', 'Артемьев'),
(639, 'Анастасия', 'Афанасьев'),
(640, 'Амвросий', 'Афанасьев'),
(641, 'Альфреда', 'Богданов'),
(642, 'Амадей', 'Васильев'),
(643, 'Анвар', 'Белозёров'),
(644, 'Альберт', 'Артемьев'),
(645, 'Альжбета', 'Васильев'),
(646, 'Андоим', 'Большаков'),
(647, 'Амадей', 'Аксёнов'),
(648, 'Алихан', 'Бирюков'),
(649, 'Алихан', 'Блинов'),
(650, 'Альбина', 'Белов'),
(651, 'Амелия', 'Алексеев'),
(652, 'Амвросий', 'Большаков'),
(653, 'Алена', 'Аксёнов'),
(654, 'Александр', 'Авдеев'),
(655, 'Альберт', 'Борисов'),
(656, 'Алоиз', 'Аксёнов'),
(657, 'Альфреда', 'Агафонов'),
(658, 'Алевтина', 'Беляков'),
(659, 'Альберта', 'Беляев'),
(660, 'Амина', 'Авдеев'),
(661, 'Альвина', 'Богданов'),
(662, 'Амина', 'Андреев'),
(663, 'Анатолий', 'Александров'),
(664, 'Амелия', 'Андреев'),
(665, 'Амвросий', 'Архипов'),
(666, 'Альфия', 'Беляков'),
(667, 'Альберт', 'Афанасьев'),
(668, 'Алла', 'Бирюков'),
(669, 'Алсу', 'Белозёров'),
(670, 'Амадей', 'Борисов'),
(671, 'Алихан', 'Агафонов'),
(672, 'Ангелина', 'Быков'),
(673, 'Алевтина', 'Авдеев'),
(674, 'Альбина', 'Беляков'),
(675, 'Альвина', 'Архипов'),
(676, 'Альфия', 'Агафонов'),
(677, 'Александра', 'Баранов'),
(678, 'Алико', 'Васильев'),
(679, 'Альвина', 'Агафонов'),
(680, 'Алена', 'Архипов'),
(681, 'Алия', 'Бобылёв'),
(682, 'Анатолий', 'Богданов'),
(683, 'Александр', 'Антонов'),
(684, 'Алсу', 'Беляев'),
(685, 'Амаль', 'Аксёнов'),
(686, 'Алла', 'Авдеев'),
(687, 'Александра', 'Архипов'),
(688, 'Андоим', 'Андреев'),
(689, 'Алихан', 'Белоусов'),
(690, 'Амаяк', 'Борисов'),
(691, 'Амелия', 'Архипов'),
(692, 'Анвар', 'Буров'),
(693, 'Амаль', 'Алексеев'),
(694, 'Анвар', 'Антонов'),
(695, 'Алена', 'Аксёнов'),
(696, 'Альжбета', 'Беляев'),
(697, 'Амина', 'Белов'),
(698, 'Алия', 'Буров'),
(699, 'Амадей', 'Бобылёв'),
(700, 'Алсу', 'Афанасьев'),
(701, 'Анастасия', 'Богданов'),
(702, 'Алоиз', 'Быков'),
(703, 'Александр', 'Баранов'),
(704, 'Алексей', 'Белов'),
(705, 'Анастасия', 'Буров'),
(706, 'Алиса', 'Блохин'),
(707, 'Алико', 'Андреев'),
(708, 'Альфред', 'Буров'),
(709, 'Алия', 'Беляев'),
(710, 'Алена', 'Беляев'),
(711, 'Альфред', 'Бобров'),
(712, 'Алевтина', 'Белов'),
(713, 'Александра', 'Баранов'),
(714, 'Алия', 'Богданов'),
(715, 'Алексей', 'Бобылёв'),
(716, 'Алексей', 'Васильев'),
(717, 'Альвина', 'Беляев'),
(718, 'Ангелина', 'Бирюков'),
(719, 'Анатолий', 'Александров'),
(720, 'Алана', 'Бобылёв'),
(721, 'Алан', 'Архипов'),
(722, 'Алсу', 'Антонов'),
(723, 'Альвина', 'Авдеев'),
(724, 'Алена', 'Борисов'),
(725, 'Альвина', 'Афанасьев'),
(726, 'Алоиз', 'Александров'),
(727, 'Алевтина', 'Белозёров'),
(728, 'Альжбета', 'Андреев'),
(729, 'Амина', 'Брагин'),
(730, 'Ангелина', 'Васильев'),
(731, 'Альфреда', 'Александров'),
(732, 'Ангелина', 'Андреев'),
(733, 'Альфреда', 'Буров'),
(734, 'Амелия', 'Беляев'),
(735, 'Алана', 'Борисов'),
(736, 'Алина', 'Агафонов'),
(737, 'Алена', 'Блохин'),
(738, 'Алиса', 'Блохин'),
(739, 'Амадеус', 'Белозёров'),
(740, 'Альжбета', 'Анисимов'),
(741, 'Амелия', 'Буров'),
(742, 'Алия', 'Брагин'),
(743, 'Алла', 'Брагин'),
(744, 'Алевтина', 'Анисимов'),
(745, 'Амелия', 'Агафонов'),
(746, 'Алена', 'Белов'),
(747, 'Алексей', 'Алексеев'),
(748, 'Альфред', 'Бобылёв'),
(749, 'Алевтина', 'Белов'),
(750, 'Алиса', 'Александров'),
(751, 'Алина', 'Беляев'),
(752, 'Алексей', 'Белов'),
(753, 'Али', 'Белозёров'),
(754, 'Александра', 'Брагин'),
(755, 'Ангел', 'Блохин'),
(756, 'Александр', 'Бобров'),
(757, 'Альфред', 'Белозёров'),
(758, 'Альфред', 'Васильев'),
(759, 'Алия', 'Блохин'),
(760, 'Алена', 'Александров'),
(761, 'Амаль', 'Афанасьев'),
(762, 'Альжбета', 'Борисов'),
(763, 'Альбина', 'Алексеев'),
(764, 'Альфред', 'Беспалов'),
(765, 'Альжбета', 'Брагин'),
(766, 'Амадеус', 'Большаков'),
(767, 'Алоиз', 'Борисов'),
(768, 'Алина', 'Бирюков'),
(769, 'Алихан', 'Баранов'),
(770, 'Альберта', 'Анисимов'),
(771, 'Алана', 'Беспалов'),
(772, 'Ангелина', 'Блинов'),
(773, 'Алан', 'Беляков'),
(774, 'Альфреда', 'Афанасьев'),
(775, 'Алико', 'Большаков'),
(776, 'Альбина', 'Буров'),
(777, 'Алена', 'Агафонов'),
(778, 'Амвросий', 'Блохин'),
(779, 'Али', 'Баранов'),
(780, 'Алина', 'Богданов'),
(781, 'Алина', 'Быков'),
(782, 'Альфред', 'Блинов'),
(783, 'Амвросий', 'Борисов'),
(784, 'Алина', 'Аксёнов'),
(785, 'Алико', 'Бобылёв'),
(786, 'Алихан', 'Артемьев'),
(787, 'Алия', 'Антонов'),
(788, 'Ангел', 'Афанасьев'),
(789, 'Амелия', 'Беспалов'),
(790, 'Амаль', 'Авдеев'),
(791, 'Алоиз', 'Анисимов'),
(792, 'Ангелина', 'Беспалов'),
(793, 'Алина', 'Бобров'),
(794, 'Алина', 'Белоусов'),
(795, 'Александр', 'Беляев'),
(796, 'Алина', 'Афанасьев'),
(797, 'Альберт', 'Борисов'),
(798, 'Алан', 'Анисимов'),
(799, 'Амаль', 'Артемьев'),
(800, 'Алихан', 'Быков'),
(801, 'Алан', 'Бирюков'),
(802, 'Алико', 'Афанасьев'),
(803, 'Анастасия', 'Андреев'),
(804, 'Амадеус', 'Блинов'),
(805, 'Амаяк', 'Белов'),
(806, 'Амадей', 'Алексеев'),
(807, 'Альфреда', 'Бирюков'),
(808, 'Амаль', 'Брагин'),
(809, 'Алия', 'Васильев'),
(810, 'Алла', 'Белозёров'),
(811, 'Альберта', 'Бирюков'),
(812, 'Амелия', 'Буров'),
(813, 'Альберта', 'Большаков'),
(814, 'Алексей', 'Андреев'),
(815, 'Александр', 'Белозёров'),
(816, 'Александра', 'Александров'),
(817, 'Алана', 'Афанасьев'),
(818, 'Альберта', 'Брагин'),
(819, 'Альвина', 'Андреев'),
(820, 'Альжбета', 'Артемьев'),
(821, 'Альфия', 'Анисимов'),
(822, 'Альберт', 'Анисимов'),
(823, 'Анастасия', 'Алексеев'),
(824, 'Александра', 'Андреев'),
(825, 'Александра', 'Белоусов'),
(826, 'Альфреда', 'Бирюков'),
(827, 'Александра', 'Белозёров'),
(828, 'Альвина', 'Бирюков'),
(829, 'Алина', 'Блинов'),
(830, 'Амелия', 'Афанасьев'),
(831, 'Александра', 'Буров'),
(832, 'Альберт', 'Алексеев'),
(833, 'Алиса', 'Буров'),
(834, 'Алевтина', 'Большаков'),
(835, 'Александр', 'Бирюков'),
(836, 'Александра', 'Блохин'),
(837, 'Амина', 'Беляков'),
(838, 'Анатолий', 'Блохин'),
(839, 'Амаль', 'Авдеев'),
(840, 'Анатолий', 'Большаков'),
(841, 'Альбина', 'Беляев'),
(842, 'Альберт', 'Бирюков'),
(843, 'Ангел', 'Быков'),
(844, 'Алико', 'Андреев'),
(845, 'Альфред', 'Агафонов'),
(846, 'Альвина', 'Бобылёв'),
(847, 'Ангелина', 'Васильев'),
(848, 'Анвар', 'Антонов'),
(849, 'Анвар', 'Быков'),
(850, 'Александр', 'Васильев'),
(851, 'Альжбета', 'Андреев'),
(852, 'Амадей', 'Баранов'),
(853, 'Амаяк', 'Беляков'),
(854, 'Алевтина', 'Белозёров'),
(855, 'Альжбета', 'Быков'),
(856, 'Алиса', 'Агафонов'),
(857, 'Альберт', 'Бобров'),
(858, 'Амадеус', 'Баранов'),
(859, 'Амадей', 'Буров'),
(860, 'Альфия', 'Артемьев'),
(861, 'Ангелина', 'Александров'),
(862, 'Алана', 'Буров'),
(863, 'Александр', 'Буров'),
(864, 'Алена', 'Васильев'),
(865, 'Анатолий', 'Антонов'),
(866, 'Ангелина', 'Белозёров'),
(867, 'Альберта', 'Бирюков'),
(868, 'Анастасия', 'Анисимов'),
(869, 'Алексей', 'Буров'),
(870, 'Амадей', 'Блохин'),
(871, 'Анастасия', 'Быков'),
(872, 'Амаяк', 'Архипов'),
(873, 'Амадей', 'Белов'),
(874, 'Амадеус', 'Афанасьев'),
(875, 'Алия', 'Артемьев'),
(876, 'Альфреда', 'Артемьев'),
(877, 'Алоиз', 'Блинов'),
(878, 'Алико', 'Белозёров'),
(879, 'Альфия', 'Баранов'),
(880, 'Альберт', 'Белоусов'),
(881, 'Амадей', 'Баранов'),
(882, 'Ангел', 'Александров'),
(883, 'Андоим', 'Богданов'),
(884, 'Алия', 'Алексеев'),
(885, 'Амадеус', 'Авдеев'),
(886, 'Анастасия', 'Беляков'),
(887, 'Ангелина', 'Беспалов'),
(888, 'Анастасия', 'Бирюков'),
(889, 'Алан', 'Беляков'),
(890, 'Ангелина', 'Баранов'),
(891, 'Амина', 'Беспалов'),
(892, 'Амадей', 'Анисимов'),
(893, 'Алина', 'Брагин'),
(894, 'Амадей', 'Борисов'),
(895, 'Алиса', 'Александров'),
(896, 'Алия', 'Быков'),
(897, 'Альбина', 'Антонов'),
(898, 'Алевтина', 'Белоусов'),
(899, 'Алана', 'Белов'),
(900, 'Альфреда', 'Бобров'),
(901, 'Алоиз', 'Белоусов'),
(902, 'Алиса', 'Афанасьев'),
(903, 'Алевтина', 'Александров'),
(904, 'Андоим', 'Аксёнов'),
(905, 'Амадеус', 'Быков'),
(906, 'Альберта', 'Беляев'),
(907, 'Альвина', 'Алексеев'),
(908, 'Амаль', 'Богданов'),
(909, 'Алана', 'Баранов'),
(910, 'Амадей', 'Архипов'),
(911, 'Альбина', 'Васильев'),
(912, 'Алина', 'Васильев'),
(913, 'Алина', 'Архипов'),
(914, 'Альбина', 'Артемьев'),
(915, 'Амаль', 'Алексеев'),
(916, 'Алан', 'Александров'),
(917, 'Альфреда', 'Артемьев'),
(918, 'Альберта', 'Блохин'),
(919, 'Алсу', 'Белозёров'),
(920, 'Амелия', 'Аксёнов'),
(921, 'Алоиз', 'Артемьев'),
(922, 'Альфред', 'Буров'),
(923, 'Алсу', 'Архипов'),
(924, 'Амаль', 'Белозёров'),
(925, 'Амаль', 'Баранов'),
(926, 'Амаяк', 'Андреев'),
(927, 'Алла', 'Авдеев'),
(928, 'Али', 'Бирюков'),
(929, 'Алия', 'Блохин'),
(930, 'Анвар', 'Агафонов'),
(931, 'Амина', 'Буров'),
(932, 'Алена', 'Белозёров'),
(933, 'Алена', 'Блинов'),
(934, 'Алексей', 'Бирюков'),
(935, 'Александр', 'Быков'),
(936, 'Амадеус', 'Белоусов'),
(937, 'Али', 'Артемьев'),
(938, 'Алсу', 'Бирюков'),
(939, 'Альфред', 'Александров'),
(940, 'Алевтина', 'Архипов'),
(941, 'Альбина', 'Большаков'),
(942, 'Альвина', 'Борисов'),
(943, 'Амина', 'Бобров'),
(944, 'Альберта', 'Алексеев'),
(945, 'Алоиз', 'Баранов'),
(946, 'Али', 'Анисимов'),
(947, 'Алиса', 'Баранов'),
(948, 'Амадей', 'Белозёров'),
(949, 'Алана', 'Богданов'),
(950, 'Алевтина', 'Алексеев'),
(951, 'Амаяк', 'Бобылёв'),
(952, 'Альфреда', 'Быков'),
(953, 'Алевтина', 'Агафонов'),
(954, 'Альжбета', 'Блохин'),
(955, 'Алена', 'Бирюков'),
(956, 'Андоим', 'Блохин'),
(957, 'Альберт', 'Беляев'),
(958, 'Альвина', 'Антонов'),
(959, 'Алико', 'Авдеев'),
(960, 'Алсу', 'Бирюков'),
(961, 'Алоиз', 'Бирюков'),
(962, 'Амина', 'Блинов'),
(963, 'Андоим', 'Белоусов'),
(964, 'Александра', 'Авдеев'),
(965, 'Алиса', 'Андреев'),
(966, 'Алена', 'Авдеев'),
(967, 'Ангел', 'Богданов'),
(968, 'Ангелина', 'Васильев'),
(969, 'Амина', 'Беляев'),
(970, 'Амадей', 'Авдеев'),
(971, 'Алексей', 'Блинов'),
(972, 'Амадеус', 'Бирюков'),
(973, 'Алена', 'Анисимов'),
(974, 'Анастасия', 'Баранов'),
(975, 'Алико', 'Артемьев'),
(976, 'Алан', 'Бирюков'),
(977, 'Анвар', 'Борисов'),
(978, 'Алиса', 'Брагин'),
(979, 'Алия', 'Баранов'),
(980, 'Ангел', 'Бирюков'),
(981, 'Альфия', 'Аксёнов'),
(982, 'Альфреда', 'Беляев'),
(983, 'Анатолий', 'Беспалов'),
(984, 'Альвина', 'Бобров'),
(985, 'Александра', 'Андреев'),
(986, 'Амаль', 'Артемьев'),
(987, 'Анастасия', 'Белов'),
(988, 'Анатолий', 'Авдеев'),
(989, 'Альфреда', 'Бобылёв'),
(990, 'Алсу', 'Брагин'),
(991, 'Алан', 'Белозёров'),
(992, 'Альбина', 'Буров'),
(993, 'Алиса', 'Бобылёв'),
(994, 'Амелия', 'Бирюков'),
(995, 'Алексей', 'Бобров'),
(996, 'Алико', 'Бобров'),
(997, 'Амина', 'Борисов'),
(998, 'Алина', 'Бобров'),
(999, 'Альберт', 'Богданов'),
(1000, 'Алсу', 'Беляков'),
(1001, 'Ангелина', 'Алексеев'),
(1002, 'Амина', 'Большаков'),
(1003, 'Альжбета', 'Бобров'),
(1004, 'Анастасия', 'Андреев'),
(1005, 'Альберт', 'Артемьев'),
(1006, 'Алевтина', 'Белоусов'),
(1007, 'Амаль', 'Беляков'),
(1008, 'Алоиз', 'Авдеев'),
(1009, 'Алия', 'Анисимов'),
(1010, 'Альфреда', 'Белоусов'),
(1011, 'Ангел', 'Борисов'),
(1012, 'Али', 'Бобылёв'),
(1013, 'Амадеус', 'Белоусов'),
(1014, 'Альберт', 'Александров'),
(1015, 'Алико', 'Брагин'),
(1016, 'Амадеус', 'Анисимов'),
(1017, 'Алана', 'Беляев'),
(1018, 'Алан', 'Беспалов'),
(1019, 'Алико', 'Брагин'),
(1020, 'Амелия', 'Блохин'),
(1021, 'Алексей', 'Борисов'),
(1022, 'Алена', 'Брагин'),
(1023, 'Алсу', 'Беляков'),
(1024, 'Анвар', 'Бобылёв'),
(1025, 'Амвросий', 'Беляев'),
(1026, 'Алико', 'Блохин'),
(1027, 'Алла', 'Белозёров'),
(1028, 'Альберт', 'Аксёнов'),
(1029, 'Анвар', 'Буров'),
(1030, 'Али', 'Алексеев'),
(1031, 'Амвросий', 'Брагин'),
(1032, 'Алия', 'Большаков'),
(1033, 'Алоиз', 'Баранов'),
(1034, 'Алоиз', 'Бирюков'),
(1035, 'Алико', 'Андреев'),
(1036, 'Алихан', 'Баранов');

-- --------------------------------------------------------

--
-- Table structure for table `book`
--

CREATE TABLE IF NOT EXISTS `book` (
  `id` int(11) NOT NULL,
  `author_id` int(11) NOT NULL,
  `name` varchar(500) NOT NULL,
  `preview` varchar(250) DEFAULT NULL,
  `date_release` date NOT NULL,
  `date_create` date DEFAULT NULL,
  `date_update` date DEFAULT NULL
) ENGINE=InnoDB AUTO_INCREMENT=19 DEFAULT CHARSET=utf8;

--
-- Dumping data for table `book`
--

INSERT INTO `book` (`id`, `author_id`, `name`, `preview`, `date_release`, `date_create`, `date_update`) VALUES
(7, 502, 'первая книга', '_.jpg', '2015-06-11', '2015-06-02', '2015-06-03'),
(8, 503, 'вторая книга', '2.jpg', '2015-06-03', '2015-06-03', '2015-06-03'),
(9, 502, '666', '2.jpg', '2015-06-03', '2015-06-03', '2015-06-03'),
(10, 502, 'test', '2.jpg', '2015-06-03', '2015-06-03', '2015-06-03'),
(11, 502, 'test', '2.jpg', '2015-06-03', '2015-06-03', '2015-06-03'),
(12, 504, 'test', '_.jpg', '2015-06-03', '2015-06-03', '2015-06-03'),
(13, 502, '2', '_.jpg', '2015-06-03', '2015-06-03', '2015-06-03'),
(14, 502, '2', '_.jpg', '2015-06-03', '2015-06-03', '2015-06-03'),
(15, 505, '333', '_.jpg', '2015-06-03', '2015-06-03', '2015-06-03'),
(16, 506, '1', '_.jpg', '2015-06-03', '2015-06-03', '2015-06-03'),
(17, 502, '444', '_.jpg', '2015-06-03', '2015-06-03', '2015-06-03'),
(18, 511, '234', '2.jpg', '2015-06-03', '2015-06-03', '2015-06-03');

-- --------------------------------------------------------

--
-- Table structure for table `user`
--

CREATE TABLE IF NOT EXISTS `user` (
  `id` int(11) NOT NULL,
  `login` varchar(250) NOT NULL,
  `password` varchar(250) NOT NULL,
  `firstname` varchar(250) DEFAULT NULL,
  `lastname` varchar(250) DEFAULT NULL
) ENGINE=InnoDB AUTO_INCREMENT=5 DEFAULT CHARSET=utf8;

--
-- Dumping data for table `user`
--

INSERT INTO `user` (`id`, `login`, `password`, `firstname`, `lastname`) VALUES
(1, 'admin', 'admin', NULL, NULL),
(4, 'test', '1', 'test', 'test');

--
-- Indexes for dumped tables
--

--
-- Indexes for table `author`
--
ALTER TABLE `author`
  ADD PRIMARY KEY (`id`);

--
-- Indexes for table `book`
--
ALTER TABLE `book`
  ADD PRIMARY KEY (`id`), ADD KEY `author_id` (`author_id`);

--
-- Indexes for table `user`
--
ALTER TABLE `user`
  ADD PRIMARY KEY (`id`), ADD UNIQUE KEY `login` (`login`);

--
-- AUTO_INCREMENT for dumped tables
--

--
-- AUTO_INCREMENT for table `author`
--
ALTER TABLE `author`
  MODIFY `id` int(11) NOT NULL AUTO_INCREMENT,AUTO_INCREMENT=1037;
--
-- AUTO_INCREMENT for table `book`
--
ALTER TABLE `book`
  MODIFY `id` int(11) NOT NULL AUTO_INCREMENT,AUTO_INCREMENT=19;
--
-- AUTO_INCREMENT for table `user`
--
ALTER TABLE `user`
  MODIFY `id` int(11) NOT NULL AUTO_INCREMENT,AUTO_INCREMENT=5;
--
-- Constraints for dumped tables
--

--
-- Constraints for table `book`
--
ALTER TABLE `book`
ADD CONSTRAINT `book_ibfk_1` FOREIGN KEY (`author_id`) REFERENCES `author` (`id`) ON DELETE CASCADE ON UPDATE CASCADE;

/*!40101 SET CHARACTER_SET_CLIENT=@OLD_CHARACTER_SET_CLIENT */;
/*!40101 SET CHARACTER_SET_RESULTS=@OLD_CHARACTER_SET_RESULTS */;
/*!40101 SET COLLATION_CONNECTION=@OLD_COLLATION_CONNECTION */;
